Number,Deviate,Gauged_value
    1, -0.104141E+01,  0.121400E+02
    2, -0.616474E+00,  0.126100E+02
    3, -0.312528E+00,  0.127400E+02
    4, -0.406177E-01,  0.149400E+02
    5,  0.227740E+00,  0.150700E+02
    6,  0.511457E+00,  0.164600E+02
    7,  0.831678E+00,  0.169600E+02
    8,  0.122336E+01,  0.289100E+02
    9,  0.176828E+01,  0.334500E+02
   10,  0.280305E+01,  0.379700E+02
Number,Deviate,Expected_par_quantile,Lower_90%_probabilty_limit,Upper_90%_probability_limit
    1, -0.152934E+01,  0.930000E+01,  0.476000E+01,  0.113200E+02
    2, -0.874591E+00,  0.111500E+02,  0.834000E+01,  0.131800E+02
    3, -0.475885E+00,  0.127500E+02,  0.103600E+02,  0.151600E+02
    4, -0.940478E-01,  0.146400E+02,  0.119900E+02,  0.178700E+02
    5,  0.165703E+00,  0.161200E+02,  0.130400E+02,  0.203000E+02
    6,  0.366513E+00,  0.173900E+02,  0.139600E+02,  0.224500E+02
    7,  0.902720E+00,  0.213000E+02,  0.165000E+02,  0.297700E+02
    8,  0.149994E+01,  0.266400E+02,  0.196500E+02,  0.412100E+02
    9,  0.225037E+01,  0.350300E+02,  0.241400E+02,  0.681100E+02
   10,  0.297020E+01,  0.451500E+02,  0.285900E+02,  0.113760E+03
   11,  0.390194E+01,  0.619600E+02,  0.344100E+02,  0.233990E+03
   12,  0.460015E+01,  0.779700E+02,  0.386500E+02,  0.400880E+03
Number,Deviate,Expected_probability_quantitle
    1, -0.126303E+01,  0.930000E+01
    2, -0.837955E+00,  0.111500E+02
    3, -0.437190E+00,  0.127500E+02
    4, -0.468536E-01,  0.146400E+02
    5,  0.209573E+00,  0.161200E+02
    6,  0.408815E+00,  0.173900E+02
    7,  0.931077E+00,  0.213000E+02
    8,  0.150441E+01,  0.266400E+02
    9,  0.220285E+01,  0.350300E+02
   10,  0.282227E+01,  0.451500E+02
