Number,Deviate,Gauged_value
    1, -0.104141E+01,  0.533000E+01
    2, -0.616474E+00,  0.701000E+01
    3, -0.312528E+00,  0.879000E+01
    4, -0.406177E-01,  0.107500E+02
    5,  0.227740E+00,  0.125600E+02
    6,  0.511457E+00,  0.172000E+02
    7,  0.831678E+00,  0.182600E+02
    8,  0.122336E+01,  0.199900E+02
    9,  0.176828E+01,  0.253000E+02
   10,  0.280305E+01,  0.329700E+02
Number,Deviate,Expected_par_quantile,Lower_90%_probabilty_limit,Upper_90%_probability_limit
    1, -0.152934E+01,  0.255000E+01,  0.450000E+00,  0.549000E+01
    2, -0.874591E+00,  0.535000E+01,  0.239000E+01,  0.866000E+01
    3, -0.475885E+00,  0.762000E+01,  0.443000E+01,  0.117100E+02
    4, -0.940478E-01,  0.101500E+02,  0.662000E+01,  0.150400E+02
    5,  0.165703E+00,  0.120600E+02,  0.816000E+01,  0.177800E+02
    6,  0.366513E+00,  0.136200E+02,  0.934000E+01,  0.198800E+02
    7,  0.902720E+00,  0.181400E+02,  0.127100E+02,  0.266400E+02
    8,  0.149994E+01,  0.236800E+02,  0.168100E+02,  0.361500E+02
    9,  0.225037E+01,  0.312900E+02,  0.216900E+02,  0.547000E+02
   10,  0.297020E+01,  0.391700E+02,  0.258900E+02,  0.833200E+02
   11,  0.390194E+01,  0.501400E+02,  0.306900E+02,  0.139890E+03
   12,  0.460015E+01,  0.589200E+02,  0.329600E+02,  0.209870E+03
Number,Deviate,Expected_probability_quantitle
    1, -0.136910E+01,  0.255000E+01
    2, -0.874591E+00,  0.535000E+01
    3, -0.475885E+00,  0.762000E+01
    4, -0.940478E-01,  0.101500E+02
    5,  0.156665E+00,  0.120600E+02
    6,  0.351972E+00,  0.136200E+02
    7,  0.869268E+00,  0.181400E+02
    8,  0.145643E+01,  0.236800E+02
    9,  0.220064E+01,  0.312900E+02
   10,  0.288677E+01,  0.391700E+02
