Number,Deviate,Gauged_value
    1, -0.104141E+01,  0.533000E+01
    2, -0.616474E+00,  0.701000E+01
    3, -0.312528E+00,  0.879000E+01
    4, -0.406177E-01,  0.125600E+02
    5,  0.227740E+00,  0.172000E+02
    6,  0.511457E+00,  0.174400E+02
    7,  0.831678E+00,  0.182600E+02
    8,  0.122336E+01,  0.199900E+02
    9,  0.176828E+01,  0.253000E+02
   10,  0.280305E+01,  0.329700E+02
Number,Deviate,Expected_par_quantile,Lower_90%_probabilty_limit,Upper_90%_probability_limit
    1, -0.152934E+01,  0.246000E+01,  0.410000E+00,  0.542000E+01
    2, -0.874591E+00,  0.551000E+01,  0.235000E+01,  0.911000E+01
    3, -0.475885E+00,  0.798000E+01,  0.453000E+01,  0.124000E+02
    4, -0.940478E-01,  0.107000E+02,  0.696000E+01,  0.159400E+02
    5,  0.165703E+00,  0.127200E+02,  0.858000E+01,  0.187400E+02
    6,  0.366513E+00,  0.143700E+02,  0.990000E+01,  0.210500E+02
    7,  0.902720E+00,  0.190200E+02,  0.135600E+02,  0.276000E+02
    8,  0.149994E+01,  0.245600E+02,  0.178700E+02,  0.355100E+02
    9,  0.225037E+01,  0.318500E+02,  0.225200E+02,  0.522700E+02
   10,  0.297020E+01,  0.390700E+02,  0.264100E+02,  0.780200E+02
   11,  0.390194E+01,  0.486600E+02,  0.305400E+02,  0.127540E+03
   12,  0.460015E+01,  0.559700E+02,  0.328500E+02,  0.180980E+03
Number,Deviate,Expected_probability_quantitle
    1, -0.136910E+01,  0.246000E+01
    2, -0.837955E+00,  0.551000E+01
    3, -0.475885E+00,  0.798000E+01
    4, -0.106274E+00,  0.107000E+02
    5,  0.147535E+00,  0.127200E+02
    6,  0.337199E+00,  0.143700E+02
    7,  0.860722E+00,  0.190200E+02
    8,  0.144465E+01,  0.245600E+02
    9,  0.218725E+01,  0.318500E+02
   10,  0.286933E+01,  0.390700E+02
