ARI,flow_rate,lower_5,upper_95,diff_perc_lower,diff_perc_upper
2.0,16.74,13.88,20.3,82.91517323775389,121.26642771804063
5.0,20.97,17.85,25.2,85.12160228898428,120.1716738197425
10.0,23.5,20.26,36.16,86.21276595744682,153.8723404255319
20.0,25.74,21.86,57.04,84.92618492618493,221.60062160062162
50.0,28.4,22.99,110.15,80.95070422535211,387.8521126760564
100.0,30.23,23.23,210.81,76.84419450876612,697.3536222295733
