ARI,flow_rate,lower_5,upper_95,diff_perc_lower,diff_perc_upper
2.0,15.73,13.61,18.05,86.52256834075015,114.7488874761602
5.0,23.99,20.71,28.63,86.32763651521468,119.3413922467695
10.0,30.18,25.35,38.45,83.99602385685884,127.40225314778
20.0,36.72,29.83,50.66,81.2363834422658,137.96296296296296
50.0,46.16,35.41,72.79,76.71143847487001,157.69064124783367
100.0,54.03,39.17,95.0,72.49676105867111,175.82824356838793
