ARI,flow_rate,lower_5,upper_95,diff_perc_lower,diff_perc_upper
2.0,14.45,9.56,20.91,66.15916955017302,144.7058823529412
5.0,25.2,17.07,46.87,67.73809523809524,185.9920634920635
10.0,34.17,22.11,95.17,64.70588235294117,278.5191688615745
20.0,44.47,26.13,191.62,58.758713739599735,430.89723409039806
50.0,60.84,30.38,485.0,49.93425378040762,797.1729125575279
100.0,75.83,32.57,1006.44,42.95133852037452,1327.2319662402742
