ARI,flow_rate,lower_5,upper_95,diff_perc_lower,diff_perc_upper
2.0,17.62,14.2,22.09,80.59023836549375,125.36889897843359
5.0,26.48,19.73,39.6,74.50906344410876,149.54682779456192
10.0,34.29,23.61,61.19,68.85389326334209,178.4485272674249
20.0,43.5,27.67,99.48,63.60919540229885,228.68965517241378
50.0,58.45,33.06,180.73,56.56116338751069,309.2044482463644
100.0,72.36,37.05,286.76,51.202321724709776,396.2962962962963
