ARI,flow_rate,lower_5,upper_95,diff_perc_lower,diff_perc_upper
2.0,18.18,15.24,21.53,83.82838283828383,118.42684268426842
5.0,22.8,19.42,30.03,85.17543859649123,131.71052631578948
10.0,25.34,21.39,36.35,84.41199684293608,143.44909234411998
20.0,27.47,22.91,45.25,83.40007280669822,164.72515471423372
50.0,29.88,24.24,59.21,81.12449799196787,198.15930388219545
100.0,31.49,24.88,76.14,79.00920927278501,241.7910447761194
