Number,Deviate,Gauged_value
    1, -0.104141E+01,  0.533000E+01
    2, -0.616474E+00,  0.701000E+01
    3, -0.312528E+00,  0.879000E+01
    4, -0.406177E-01,  0.125600E+02
    5,  0.227740E+00,  0.172000E+02
    6,  0.511457E+00,  0.174400E+02
    7,  0.831678E+00,  0.182600E+02
    8,  0.122336E+01,  0.199900E+02
    9,  0.176828E+01,  0.253000E+02
   10,  0.280305E+01,  0.329700E+02
Number,Deviate,Expected_par_quantile,Lower_90%_probabilty_limit,Upper_90%_probability_limit
    1, -0.152934E+01,  0.890000E+00, -0.160200E+02,  0.546000E+01
    2, -0.874591E+00,  0.564000E+01, -0.253000E+01,  0.950000E+01
    3, -0.475885E+00,  0.870000E+01,  0.310000E+01,  0.130700E+02
    4, -0.940478E-01,  0.117300E+02,  0.690000E+01,  0.169400E+02
    5,  0.165703E+00,  0.138600E+02,  0.882000E+01,  0.198700E+02
    6,  0.366513E+00,  0.155500E+02,  0.102500E+02,  0.223200E+02
    7,  0.902720E+00,  0.202200E+02,  0.140800E+02,  0.300200E+02
    8,  0.149994E+01,  0.257200E+02,  0.183000E+02,  0.444900E+02
    9,  0.225037E+01,  0.331000E+02,  0.228600E+02,  0.798600E+02
   10,  0.297020E+01,  0.407100E+02,  0.266000E+02,  0.146770E+03
   11,  0.390194E+01,  0.514000E+02,  0.302800E+02,  0.356720E+03
   12,  0.460015E+01,  0.600800E+02,  0.322000E+02,  0.636980E+03
Number,Deviate,Expected_probability_quantitle
    1, -0.126303E+01,  0.890000E+00
    2, -0.803611E+00,  0.564000E+01
    3, -0.418596E+00,  0.870000E+01
    4, -0.468536E-01,  0.117300E+02
    5,  0.192281E+00,  0.138600E+02
    6,  0.373698E+00,  0.155500E+02
    7,  0.877739E+00,  0.202200E+02
    8,  0.145876E+01,  0.257200E+02
    9,  0.220837E+01,  0.331000E+02
   10,  0.277601E+01,  0.407100E+02
