Number,Deviate,Gauged_value
    1, -0.104141E+01,  0.118100E+02
    2, -0.616474E+00,  0.127400E+02
    3, -0.312528E+00,  0.130700E+02
    4, -0.406177E-01,  0.139400E+02
    5,  0.227740E+00,  0.146100E+02
    6,  0.511457E+00,  0.193100E+02
    7,  0.831678E+00,  0.202000E+02
    8,  0.122336E+01,  0.212600E+02
    9,  0.176828E+01,  0.213300E+02
   10,  0.280305E+01,  0.231000E+02
Number,Deviate,Expected_par_quantile,Lower_90%_probabilty_limit,Upper_90%_probability_limit
    1, -0.152934E+01,  0.825000E+01,  0.401000E+01,  0.113100E+02
    2, -0.874591E+00,  0.111900E+02,  0.816000E+01,  0.135500E+02
    3, -0.475885E+00,  0.129700E+02,  0.104800E+02,  0.153800E+02
    4, -0.940478E-01,  0.146400E+02,  0.122900E+02,  0.172900E+02
    5,  0.165703E+00,  0.157500E+02,  0.133800E+02,  0.185300E+02
    6,  0.366513E+00,  0.166000E+02,  0.141300E+02,  0.194400E+02
    7,  0.902720E+00,  0.187900E+02,  0.161000E+02,  0.218700E+02
    8,  0.149994E+01,  0.211200E+02,  0.180800E+02,  0.254100E+02
    9,  0.225037E+01,  0.239000E+02,  0.202000E+02,  0.312800E+02
   10,  0.297020E+01,  0.264400E+02,  0.219000E+02,  0.378700E+02
   11,  0.390194E+01,  0.295800E+02,  0.234100E+02,  0.477500E+02
   12,  0.460015E+01,  0.318600E+02,  0.242100E+02,  0.567300E+02
Number,Deviate,Expected_probability_quantitle
    1, -0.136910E+01,  0.825000E+01
    2, -0.874591E+00,  0.111900E+02
    3, -0.475885E+00,  0.129700E+02
    4, -0.940478E-01,  0.146400E+02
    5,  0.156665E+00,  0.157500E+02
    6,  0.351972E+00,  0.166000E+02
    7,  0.873513E+00,  0.187900E+02
    8,  0.146110E+01,  0.211200E+02
    9,  0.221494E+01,  0.239000E+02
   10,  0.289621E+01,  0.264400E+02
