,,ARI,flow_rate,lower_5,upper_95,diff_perc_lower,diff_perc_upper
RFFA,full_data,10.0,66.0,28.8,152.0,43.63636363636363,230.3030303030303
RFFA,full_data,20.0,96.2,41.4,225.0,43.03534303534303,233.88773388773387
RFFA,full_data,50.0,148.0,62.1,354.0,41.95945945945946,239.1891891891892
RFFA,full_data,100.0,197.0,81.3,483.0,41.26903553299493,245.1776649746193
LP3,full_data,10.0,30.25,25.51,37.66,84.3305785123967,124.49586776859502
LP3,full_data,20.0,36.43,29.81,48.1,81.82816360142739,132.03403788086743
LP3,full_data,50.0,44.88,34.93,65.3,77.82976827094474,145.49910873440285
LP3,full_data,100.0,51.57,38.69,81.23,75.02423889858444,157.51405856117898
