,,ARI,flow_rate,lower_5,upper_95,diff_perc_lower,diff_perc_upper
RFFA,full_data,10.0,66.0,28.8,152.0,43.63636363636363,230.3030303030303
RFFA,full_data,20.0,96.2,41.4,225.0,43.03534303534303,233.88773388773387
RFFA,full_data,50.0,148.0,62.1,354.0,41.95945945945946,239.1891891891892
RFFA,full_data,100.0,197.0,81.3,483.0,41.26903553299493,245.1776649746193
GEV,full_data,10.0,30.18,25.35,38.45,83.99602385685884,127.40225314778
GEV,full_data,20.0,36.72,29.83,50.66,81.2363834422658,137.96296296296296
GEV,full_data,50.0,46.16,35.41,72.79,76.71143847487001,157.69064124783367
GEV,full_data,100.0,54.03,39.17,95.0,72.49676105867111,175.82824356838793
